{
  "individual_event_sounds" : {
     "events" :{
        "ambient.cave": {"sound": "ambient.empty", "volume":0.0, "pitch":1.0}
     }
  },
  "entity_sounds": {
    "entities": {
      "lw:granny": {
        "volume": 1.0,
        "pitch": 1.0,
        "events": {
          "ambient": "granny.sound",
          "hurt": "game.player.hut",
          "death": "game.player.de",
          "step": {
            "sound": "sound.step",
            "volume": 0.5,
            "pitch": 1.0
          }
        }
      },
      "player": {
        "volume": 1.0,
        "pitch": [ 0.8, 1.2 ],
        "events": {
          "throw": {
            "sound": "random.bw",
            "volume": 0.0,
            "pitch": [ 0.33, 0.5 ]
          },
          "hurt": "game.player.hut",
          "death": "die.jump",
          "hurt.in.water": "game.player.hut",
          "death.in.water": "game.player.de",
          "attack.nodamage": "game.player.attack.nodage",
          "attack.strong": "game.player.attack.stng",
          "elderguardian.curse": {
            "sound": "mob.elderguardian.cue",
            "volume": 0.0,
            "pitch": 1.0
          }
        }
      },
      "creeper": {
        "volume": 0.0,
        "pitch": [ 0.8, 1.2 ],
        "events": {
          "hurt": "mob.creeper.empty",
          "death": "mob.creeper.empty",
          "fuse": {
            "sound": "random.empty",
            "volume": 0.0,
            "pitch": 0.5
          }
        }
      },
      "lw:grannyhear": {
        "volume": 0.0,
        "pitch": 1.0,
        "events": {
          "hurt": "game.player.hut",
          "death": "game.player.de",
          "step": {
            "sound": "sound.step",
            "volume": 0.6,
            "pitch": 1.0
          }
        }
      },
      "lw:trap": {
        "volume": 1.0,
        "pitch": 1.0,
        "events": {
          "death": "sound.trap"
          }
        }
      },
      "lw:grandpa": {
        "volume": 0.0,
        "pitch": 1.0,
        "events": {
          "hurt": "game.player.hut",
          "death": "game.player.de",
          "step": {
            "sound": "sound.step",
            "volume": 0.5,
            "pitch": 1.0
          }
        }
      }
    }
  }
}
