{
  "resource_pack_name": "vanilla",
  "texture_name": "atlas.terrain",
  "padding": 8,
  "num_mip_levels": 4,
  "texture_data": {
    "lw_mytv_up": {
      "textures": [
        "textures/blocks/lw_mytv_up"
      ]
    },
    "lw_wall_up": {
      "textures": [
        "textures/blocks/lw_wall_up"
      ]
    },
    "lw_random_up": {
      "textures": [
        "textures/blocks/lw_random_up"
      ]
    },
    "lw_randomm_up": {
      "textures": [
        "textures/blocks/lw_randomm_up"
      ]
    },
    "lw_randommm_up": {
      "textures": [
        "textures/blocks/lw_randommm_up"
      ]
    },
    "lw_randommmm_up": {
      "textures": [
        "textures/blocks/lw_randommmm_up"
      ]
    },
    "lw_mytv_down": {
      "textures": [
        "textures/blocks/lw_mytv_down"
      ]
    },
    "lw_food_down": {
      "textures": [
        "textures/blocks/lw_food_down"
      ]
    },
    "lw_food_up": {
      "textures": [
        "textures/blocks/lw_food_up"
      ]
    },
    "lw_food_south": {
      "textures": [
        "textures/blocks/lw_food_south"
      ]
    },
    "lw_food_north": {
      "textures": [
        "textures/blocks/lw_food_north"
      ]
    },
    "lw_food_west": {
      "textures": [
        "textures/blocks/lw_food_west"
      ]
    },
    "lw_food_east": {
      "textures": [
        "textures/blocks/lw_food_east"
      ]
    },
    "lw_wall_down": {
      "textures": [
        "textures/blocks/lw_wall_down"
      ]
    },
    "lw_random_down": {
      "textures": [
        "textures/blocks/lw_random_down"
      ]
    },
    "lw_randomm_down": {
      "textures": [
        "textures/blocks/lw_randomm_down"
      ]
    },
    "lw_randommmm_down": {
      "textures": [
        "textures/blocks/lw_randommmm_down"
      ]
    },
    "lw_randommm_down": {
      "textures": [
        "textures/blocks/lw_randommm_down"
      ]
    },
    "lw_mytv_north": {
      "textures": [
        "textures/blocks/lw_mytv_north"
      ]
    },
    "lw_wall_north": {
      "textures": [
        "textures/blocks/lw_wall_north"
      ]
    },
    "lw_random_north": {
      "textures": [
        "textures/blocks/lw_random_north"
      ]
    },
    "lw_randomm_north": {
      "textures": [
        "textures/blocks/lw_randomm_north"
      ]
    },
    "lw_randommmm_north": {
      "textures": [
        "textures/blocks/lw_randommmm_north"
      ]
    },
    "lw_randommm_north": {
      "textures": [
        "textures/blocks/lw_randommm_north"
      ]
    },
    "lw_mytv_south": {
      "textures": [
        "textures/blocks/lw_mytv_south"
      ]
    },
    "lw_wall_south": {
      "textures": [
        "textures/blocks/lw_wall_south"
      ]
    },
    "lw_random_south": {
      "textures": [
        "textures/blocks/lw_random_south"
      ]
    },
    "lw_randomm_south": {
      "textures": [
        "textures/blocks/lw_randomm_south"
      ]
    },
    "lw_randommmm_south": {
      "textures": [
        "textures/blocks/lw_randommmm_south"
      ]
    },
    "lw_randommm_south": {
      "textures": [
        "textures/blocks/lw_randommm_south"
      ]
    },
    "lw_randomm_east": {
      "textures": [
        "textures/blocks/lw_randomm_east"
      ]
    },
    "lw_wall_east": {
      "textures": [
        "textures/blocks/lw_wall_east"
      ]
    },
    "lw_randommmm_east": {
      "textures": [
        "textures/blocks/lw_randommmm_east"
      ]
    },
    "lw_mytv_east": {
      "textures": [
        "textures/blocks/lw_mytv_east"
      ]
    },
    "lw_random_east": {
      "textures": [
        "textures/blocks/lw_random_east"
      ]
    },
    "lw_randommm_east": {
      "textures": [
        "textures/blocks/lw_randommm_east"
      ]
    },
    "lw_randomm_west": {
      "textures": [
        "textures/blocks/lw_randomm_west"
      ]
    },
    "lw_mytv_west": {
      "textures": [
        "textures/blocks/lw_mytv_west"
      ]
    },
    "lw_randommmm_west": {
      "textures": [
        "textures/blocks/lw_randommmm_west"
      ]
    },
    "lw_wall_west": {
      "textures": [
        "textures/blocks/lw_wall_west"
      ]
    },
    "lw_random_west": {
      "textures": [
        "textures/blocks/lw_random_west"
      ]
    },
    "lw_randommm_west": {
      "textures": [
        "textures/blocks/lw_randommm_west"
      ]
    }
  }
}
