{  
   "music": {
        "category": "music",
        "sounds": [
            {
                "name": "sounds/music",
                "stream": true,
                "volume": 0.7 
            }
        ]
    },      
   "mainm": {
        "category": "music",
        "sounds": [
            {
                "name": "sounds/mainm",
                "stream": true,
                "volume": 0.7 
            }
        ]
    },    
   "scream": {
        "category": "scream",
        "sounds": [
            {
                "name": "sounds/scream",
                "stream": true,
                "volume": 2.0
            }
        ]
    },    
   "music2": {
        "category": "music",
        "sounds": [
            {
                "name": "sounds/music2",
                "stream": true,
                "volume": 0.7                                                                                                    
            }
        ]
    }
}
