{
  "format_version": "1.8.0",
  "minecraft:client_entity": {
    "description": {
      "identifier": "lw:cam",
      "materials": { "default": "npc" },
      "textures": {
        "default": "textures/entity/cam"
      },
      "geometry": {
        "default": "geometry.cam"
      },
      "animations": {
        "move": "animation.cam.move"
      },
      "animation_controllers": [
        { "move": "controller.animation.cam.move" }
      ],
      "render_controllers": [ "controller.render.skeleton" ],
      "spawn_egg": {
        "base_color": "#d9ebff",
        "overlay_color": "#000000"
      }
    }
  }
}
