{
  "format_version": "1.8.0",
  "minecraft:client_entity": {
    "description": {
      "identifier": "lw:microa",
      "materials": { "default": "npc" },
      "textures": {
        "default": "textures/entity/microa"
      },
      "geometry": {
        "default": "geometry.microa"
      },
      "animations": {
        "walk": "animation.iron_golem.walk",
        "move": "animation.iron_golem.move",
        "attack": "animation.iron_golem.attack",
        "flower": "animation.iron_golem.flower",
        "look_at_target": "animation.common.look_at_target"
      },
      "animation_controllers": [
        { "move": "controller.animation.iron_golem.move" },
        { "arm": "controller.animation.iron_golem.arm_movement"}
      ],
      "render_controllers": [ "controller.render.skeleton" ],
      "spawn_egg": {
        "base_color": "#d9ebff",
        "overlay_color": "#000000"
      }
    }
  }
}
