{
  "format_version": "1.16.0",
  "minecraft:block": {
    "description": {
      "identifier": "lw:mytv",
      "is_experimental": false,
      "register_to_creative_menu": true
    },
    "components": {
      "minecraft:loot": "loot_tables/blocks/lw_mytv.json",
      "minecraft:destroy_time": 0.3,
      "minecraft:friction": 0.7,
      "minecraft:map_color": "#FFFFFF",
      "minecraft:block_light_absorption": 15.0,
      "minecraft:block_light_emission": 0.0,
      "minecraft:explosion_resistance": 1.0
    }
  }
}