{
  "format_version": "1.8.0",
  "minecraft:entity": {
    "description": {
      "identifier": "lw:grannyhear",
      "is_spawnable": true,
      "is_summonable": true,
      "is_experimental": false
    },
    "components": {
      "minecraft:breathable": {
        "totalSupply": 15,
        "suffocateTime": 0
      },
      "minecraft:collision_box": {
        "width": 0.6,
        "height": 1.9
      },
      "minecraft:nameable": {
      },
      "minecraft:loot": {
        "table": "loot_tables/entities/empty.json"
      },
      "minecraft:health": {
        "value": 400,
        "max": 400
      },
      "minecraft:behavior.open_door": {
        "priority": 2,
        "close_door_after": true
      },
      "minecraft:annotation.open_door": {
      },
      "minecraft:equipment": {
        "table": "loot_tables/entities/granny.json"
      },
      "minecraft:behavior.random_stroll": {
        "priority": 3,
        "speed_multiplier": 1.0
      },
      "minecraft:movement": {
        "value": 0.31
      },
      "minecraft:attack": {
        "damage": 1
      },
      "minecraft:behavior.melee_attack": {
        "priority": 1,
        "speed_multiplier": 1.0,
        "track_target": true
      },
      "minecraft:navigation.walk": {
        "is_amphibious": true,
        "can_path_over_water": true,
        "can_pass_doors": true,
        "can_open_doors": true,
        "can_walk": true,
        "avoid_water": false
      },
      "minecraft:movement.basic": {
      },
      "minecraft:behavior.nearest_attackable_target": {
        "priority": 0,
        "within_radius": 1000,
        "reselect_targets": false,
        "entity_types": [
          {
            "filters": {
              "any_of": [
                {
                  "test": "is_family",
                  "subject": "other",
                  "value": "creeper"
                }
              ]
            },
            "max_dist": 2000
          }
        ],
        "must_see": false,
        "must_see_forget_duration": 200.0
      },
      "minecraft:type_family": {
        "family": [ "killer" ]
      },
      "minecraft:physics": {
      }
    }
  }
}
