{
	"format_version": "1.12.0",
	"minecraft:geometry": [
		{
			"description": {
				"identifier": "geometry.boat",
				"texture_width": 256,
				"texture_height": 256,
				"visible_bounds_width": 7,
				"visible_bounds_height": 2,
				"visible_bounds_offset": [0, 0, 0]
			},
			"bones": [
				{
					"name": "head",
					"pivot": [0, 0, 0],
					"cubes": [
						{"origin": [-23, 0, -8], "size": [30, 1, 48], "uv": [0, 0]},
						{"origin": [7, 0, -8], "size": [1, 14, 48], "uv": [0, 49]},
						{"origin": [-24, 0, -8], "size": [1, 14, 48], "uv": [0, 49]},
						{"origin": [-24, 0, 40], "size": [32, 14, 1], "uv": [98, 49]},
						{"origin": [-24, 0, -9], "size": [32, 14, 1], "uv": [98, 49]},
						{"origin": [-18, 1, 24], "size": [19, 11, 12], "uv": [98, 64]},
						{"origin": [-23, 1, 18], "size": [30, 10, 1], "uv": [0, 111]},
						{"origin": [-20, 1, -3], "size": [24, 3, 12], "uv": [62, 111]},
						{"origin": [-20, 1, 9], "size": [24, 16, 3], "uv": [0, 122]},
						{"origin": [-24, 0, -25], "size": [1, 13, 16], "pivot": [-24, 6, -9], "rotation": [0, -30, 0], "uv": [164, 0]},
						{"origin": [7, 0, -25], "size": [1, 13, 16], "pivot": [8, 6, -9], "rotation": [0, 30, 0], "uv": [164, 0]},
						{"origin": [-16, 0, -23], "size": [16, 13, 1], "uv": [164, 30]},
						{"origin": [-16, 13, -23], "size": [16, 1, 14], "uv": [164, 44]},
						{"origin": [-9, 11, -8], "size": [2, 2, 4], "uv": [164, 69]},
						{"origin": [1, 13, -19], "size": [1, 1, 10], "uv": [224, 0]},
						{"origin": [-18, 13, -19], "size": [1, 1, 10], "uv": [224, 0]},
						{"origin": [2, 13, -17], "size": [1, 1, 8], "uv": [224, 2]},
						{"origin": [-19, 13, -17], "size": [1, 1, 8], "uv": [224, 2]},
						{"origin": [3, 13, -16], "size": [1, 1, 7], "uv": [224, 4]},
						{"origin": [-20, 13, -16], "size": [1, 1, 7], "uv": [224, 4]},
						{"origin": [4, 13, -14], "size": [1, 1, 5], "uv": [224, 6]},
						{"origin": [-21, 13, -14], "size": [1, 1, 5], "uv": [224, 6]},
						{"origin": [5, 13, -12], "size": [1, 1, 3], "uv": [224, 8]},
						{"origin": [-22, 13, -12], "size": [1, 1, 3], "uv": [224, 8]},
						{"origin": [6, 13, -10], "size": [1, 1, 1], "uv": [224, 10]},
						{"origin": [-23, 13, -10], "size": [1, 1, 1], "uv": [224, 10]},
						{"origin": [0, 13, -21], "size": [1, 1, 12], "uv": [224, 12]},
						{"origin": [-17, 13, -21], "size": [1, 1, 12], "uv": [224, 12]}
					]
				}
			]
		}
	]
}
