{
	"format_version": "1.12.0",
	"minecraft:geometry": [
		{
			"description": {
				"identifier": "geometry.chair",
				"texture_width": 32,
				"texture_height": 32,
				"visible_bounds_width": 2,
				"visible_bounds_height": 3.5,
				"visible_bounds_offset": [0, 1.25, 0]
			},
			"bones": [
				{
					"name": "head",
					"pivot": [0, 0, 0],
					"cubes": [
						{"origin": [4, 0, 4], "size": [2, 8, 2], "uv": [0, 0]},
						{"origin": [-6, 0, 4], "size": [2, 8, 2], "uv": [0, 0]},
						{"origin": [-6, 0, -6], "size": [2, 8, 2], "uv": [0, 0]},
						{"origin": [4, 0, -6], "size": [2, 8, 2], "uv": [0, 0]},
						{"origin": [-6, 8, -6], "size": [12, 2, 12], "uv": [0, 0]},
						{"origin": [-6, 10, -6], "size": [2, 9, 2], "uv": [0, 0]},
						{"origin": [4, 10, -6], "size": [2, 9, 2], "uv": [0, 0]},
						{"origin": [-4, 16, -6], "size": [8, 1, 2], "uv": [0, 0]},
						{"origin": [-4, 19, -6], "size": [8, 2, 2], "uv": [0, 0]},
						{"origin": [-4, 13, -6], "size": [8, 1, 2], "uv": [0, 0]}
					]
				}
			]
		}
	]
}