{
	"format_version": "1.12.0",
	"minecraft:geometry": [
		{
			"description": {
				"identifier": "geometry.hide",
				"texture_width": 32,
				"texture_height": 32,
				"visible_bounds_width": 3,
				"visible_bounds_height": 3,
				"visible_bounds_offset": [0, 0, 0]
			},
			"bones": [
				{
					"name": "head",
					"pivot": [0, 0, 0],
					"cubes": [
						{"origin": [-7, 0, -7], "size": [14, 1, 14], "uv": [0, 0]},
						{"origin": [-7, 31, -7], "size": [14, 1, 14], "uv": [0, 0]},
						{"origin": [-8, 0, 7], "size": [16, 16, 1], "uv": [0, 0]},
						{"origin": [-8, 0, -8], "size": [16, 16, 1], "uv": [0, 0]},
						{"origin": [-8, 0, -7], "size": [1, 16, 14], "uv": [0, 0]},
						{"origin": [7, 0, -7], "size": [1, 16, 14], "uv": [0, 0]},
						{"origin": [-6, 16, 7], "size": [12, 4, 1], "uv": [0, 0]},
						{"origin": [-6, 30, 7], "size": [12, 2, 1], "uv": [0, 0]},
						{"origin": [-6, 30, -8], "size": [12, 2, 1], "uv": [0, 0]},
						{"origin": [-6, 16, -8], "size": [12, 4, 1], "uv": [0, 0]},
						{"origin": [-8, 16, 7], "size": [2, 16, 1], "uv": [0, 0]},
						{"origin": [6, 16, 7], "size": [2, 16, 1], "uv": [0, 0]},
						{"origin": [6, 16, -8], "size": [2, 16, 1], "uv": [0, 0]},
						{"origin": [-8, 16, -8], "size": [2, 16, 1], "uv": [0, 0]},
						{"origin": [-8, 16, -6], "size": [1, 4, 12], "uv": [0, 0]},
						{"origin": [-8, 30, -6], "size": [1, 2, 12], "uv": [0, 0]},
						{"origin": [7, 30, -6], "size": [1, 2, 12], "uv": [0, 0]},
						{"origin": [7, 16, -6], "size": [1, 4, 12], "uv": [0, 0]},
						{"origin": [-8, 16, -7], "size": [1, 16, 1], "uv": [0, 0]},
						{"origin": [-8, 16, 6], "size": [1, 16, 1], "uv": [0, 0]},
						{"origin": [7, 16, 6], "size": [1, 16, 1], "uv": [0, 0]},
						{"origin": [7, 16, -7], "size": [1, 16, 1], "uv": [0, 0]},
						{"origin": [2, 20, 7], "size": [1, 10, 1], "uv": [0, 0]},
						{"origin": [2, 20, -8], "size": [1, 10, 1], "uv": [0, 0]},
						{"origin": [-3, 20, -8], "size": [1, 10, 1], "uv": [0, 0]},
						{"origin": [-5, 20, -8], "size": [1, 10, 1], "uv": [0, 0]},
						{"origin": [-1, 20, 7], "size": [2, 10, 1], "uv": [0, 0]},
						{"origin": [-1, 20, -8], "size": [2, 10, 1], "uv": [0, 0]},
						{"origin": [-3, 20, 7], "size": [1, 10, 1], "uv": [0, 0]},
						{"origin": [-5, 20, 7], "size": [1, 10, 1], "uv": [0, 0]},
						{"origin": [-5, 20, 7], "size": [1, 10, 1], "uv": [0, 0]},
						{"origin": [4, 20, 7], "size": [1, 10, 1], "uv": [0, 0]},
						{"origin": [7, 20, 4], "size": [1, 10, 1], "uv": [0, 0]},
						{"origin": [7, 20, 2], "size": [1, 10, 1], "uv": [0, 0]},
						{"origin": [7, 20, -5], "size": [1, 10, 1], "uv": [0, 0]},
						{"origin": [7, 20, -3], "size": [1, 10, 1], "uv": [0, 0]},
						{"origin": [-8, 20, -3], "size": [1, 10, 1], "uv": [0, 0]},
						{"origin": [-8, 20, -5], "size": [1, 10, 1], "uv": [0, 0]},
						{"origin": [-8, 20, 4], "size": [1, 10, 1], "uv": [0, 0]},
						{"origin": [-8, 20, 2], "size": [1, 10, 1], "uv": [0, 0]},
						{"origin": [-8, 20, 2], "size": [1, 10, 1], "uv": [0, 0]},
						{"origin": [4, 20, -8], "size": [1, 10, 1], "uv": [0, 0]},
						{"origin": [-8, 20, -1], "size": [1, 10, 2], "uv": [0, 0]},
						{"origin": [7, 20, -1], "size": [1, 10, 2], "uv": [0, 0]}
					]
				}
			]
		}
	]
}
