{
	"format_version": "1.12.0",
	"minecraft:geometry": [
		{
			"description": {
				"identifier": "geometry.killeron",
				"texture_width": 70,
				"texture_height": 70,
				"visible_bounds_width": 2,
				"visible_bounds_height": 3,
				"visible_bounds_offset": [0, 0, 0]
			},
			"bones": [
				{
					"name": "head",
					"pivot": [0, 0, 0],
					"cubes": [
						{"origin": [-8, 0, -8], "size": [16, 33, 16], "uv": [0, 0]},
						{"origin": [-4, 33, -1], "size": [8, 8, 8], "uv": [0, 49]}
					]
				}
			]
		}
	]
}
