{
	"format_version": "1.12.0",
	"minecraft:geometry": [
		{
			"description": {
				"identifier": "geometry.lamp",
				"texture_width": 64,
				"texture_height": 64,
				"visible_bounds_width": 2,
				"visible_bounds_height": 3,
				"visible_bounds_offset": [0, 0, 0]
			},
			"bones": [
				{
					"name": "head",
					"pivot": [0, 0, 0],
					"cubes": [
						{"origin": [-3, 0, -2], "size": [5, 1, 5], "uv": [0, 0]},
						{"origin": [-1, 1, 0], "size": [1, 21, 1], "uv": [0, 6]},
						{"origin": [-3, 24, -2], "size": [5, 1, 5], "uv": [4, 6]},
						{"origin": [-2, 25, -1], "size": [3, 3, 3], "uv": [4, 12]},
						{"origin": [-2, 25, 2], "size": [3, 1, 1], "uv": [16, 12]},
						{"origin": [-2, 25, -2], "size": [3, 1, 1], "uv": [16, 12]},
						{"origin": [-3, 25, -1], "size": [1, 1, 3], "uv": [16, 14]},
						{"origin": [1, 25, -1], "size": [1, 1, 3], "uv": [16, 14]},
						{"origin": [-1, 28, 0], "size": [1, 1, 1], "uv": [20, 0]},
						{"origin": [-4, 22, -3], "size": [7, 1, 7], "uv": [4, 18]},
						{"origin": [-3, 23, -3], "size": [5, 1, 1], "uv": [20, 2]},
						{"origin": [-3, 23, 3], "size": [5, 1, 1], "uv": [20, 2]},
						{"origin": [-4, 23, -2], "size": [1, 1, 5], "uv": [20, 4]},
						{"origin": [2, 23, -2], "size": [1, 1, 5], "uv": [20, 4]}
					]
				}
			]
		}
	]
}