{
	"format_version": "1.12.0",
	"minecraft:geometry": [
		{
			"description": {
				"identifier": "geometry.microa",
				"texture_width": 64,
				"texture_height": 64,
				"visible_bounds_width": 3,
				"visible_bounds_height": 1.5,
				"visible_bounds_offset": [0, 0.25, 0]
			},
			"bones": [
				{
					"name": "head",
					"pivot": [0, 0, 0],
					"cubes": [
						{"origin": [4, 0, -3], "size": [1, 6, 7], "uv": [0, 0]},
						{"origin": [-5, 0, -3], "size": [1, 6, 7], "uv": [0, 0]},
						{"origin": [-6, 0, 4], "size": [10, 6, 1], "pivot": [4, 3, 4], "rotation": [0, 145, 0], "uv": [16, 0]},
						{"origin": [-4, 0, -2], "size": [8, 1, 6], "uv": [0, 13]},
						{"origin": [-4, 5, -2], "size": [8, 1, 6], "uv": [0, 13]},
						{"origin": [-4, 0, -3], "size": [8, 6, 1], "uv": [0, 20]}
					]
				}
			]
		}
	]
}