{
	"format_version": "1.12.0",
	"minecraft:geometry": [
		{
			"description": {
				"identifier": "geometry.planks",
				"texture_width": 16,
				"texture_height": 16,
				"visible_bounds_width": 5,
				"visible_bounds_height": 2,
				"visible_bounds_offset": [0, 0, 0]
			},
			"bones": [
				{
					"name": "head",
					"pivot": [0, 0, 0],
					"cubes": [
						{"origin": [-24, 2, -8], "size": [32, 4, 1], "uv": [0, 0]},
						{"origin": [-20, 20, -8], "size": [32, 4, 1], "pivot": [3, 6, -8], "rotation": [0, 0, -17.5], "uv": [0, 0]}
					]
				}
			]
		}
	]
}
