{
	"format_version": "1.12.0",
	"minecraft:geometry": [
		{
			"description": {
				"identifier": "geometry.tubeb",
				"texture_width": 32,
				"texture_height": 32,
				"visible_bounds_width": 2,
				"visible_bounds_height": 1,
				"visible_bounds_offset": [0, 0, 0]
			},
			"bones": [
				{
					"name": "head",
					"pivot": [-0.5, 4.5, -1],
					"cubes": [
						{"origin": [-2, 6, -3], "size": [3, 1, 1], "uv": [0, 0]},
						{"origin": [-2, 2, -3], "size": [3, 1, 1], "uv": [0, 0]},
						{"origin": [1, 3, -3], "size": [1, 3, 1], "uv": [0, 0]},
						{"origin": [-3, 3, -3], "size": [1, 3, 1], "uv": [0, 0]},
						{"origin": [-1, 3, -3], "size": [1, 1, 1], "uv": [0, 0]},
						{"origin": [-1, 5, -3], "size": [1, 1, 1], "uv": [0, 0]},
						{"origin": [-2, 4, -3], "size": [1, 1, 1], "uv": [0, 0]},
						{"origin": [0, 4, -3], "size": [1, 1, 1], "uv": [0, 0]}
					]
				},
				{
					"name": "body",
					"pivot": [0, 0, 0],
					"cubes": [
						{"origin": [-1, 4, -8], "size": [1, 1, 5], "uv": [0, 0]}
					]
				}
			]
		}
	]
}